{
  "migrations": [
    {
      "cli": "nx",
      "version": "18.0.0-beta.2",
      "description": "Updates .env to disabled adding plugins when generating projects in an existing Nx workspace",
      "implementation": "./src/migrations/update-18-0-0/disable-crystal-for-existing-workspaces",
      "x-repair-skip": true,
      "package": "nx",
      "name": "18.0.0-disable-adding-plugins-for-existing-workspaces"
    },
    {
      "cli": "nx",
      "version": "18.0.0-beta.0",
      "description": "Add NX_MF_DEV_SERVER_STATIC_REMOTES to inputs for task hashing when '@nx/angular:webpack-browser' is used for Module Federation.",
      "factory": "./src/migrations/update-18-0-0/add-mf-env-var-to-target-defaults",
      "package": "@nx/angular",
      "name": "add-module-federation-env-var-to-target-defaults"
    }
  ]
}
